date,deep_sleep_time,shallow_sleep_time,wake_time,start,stop
2022-09-14,77.0,421.0,2,2022-09-13 21:27:00+0000,2022-09-14 05:47:00+0000
2022-09-15,60.0,429.0,0,2022-09-14 21:57:00+0000,2022-09-15 06:06:00+0000
2022-09-16,82.0,286.0,0,2022-09-15 23:28:00+0000,2022-09-16 05:36:00+0000
2022-09-17,70.0,453.0,0,2022-09-16 22:22:00+0000,2022-09-17 07:05:00+0000
2022-09-18,91.0,404.0,0,2022-09-17 21:57:00+0000,2022-09-18 06:12:00+0000
2022-09-19,105.0,418.0,0,2022-09-18 21:10:00+0000,2022-09-19 05:53:00+0000
2022-09-20,63.0,411.0,0,2022-09-19 22:05:00+0000,2022-09-20 05:59:00+0000
2022-09-21,66.0,336.0,1,2022-09-20 22:03:00+0000,2022-09-21 04:46:00+0000
2022-09-22,82.0,380.0,0,2022-09-21 21:55:00+0000,2022-09-22 05:37:00+0000
2022-09-23,75.0,402.0,0,2022-09-22 22:14:00+0000,2022-09-23 06:11:00+0000
2022-09-24,41.0,290.0,0,2022-09-24 01:49:00+0000,2022-09-24 07:20:00+0000
2022-09-25,79.0,279.0,3,2022-09-25 01:50:00+0000,2022-09-25 07:51:00+0000
2022-09-26,73.0,409.0,1,2022-09-25 21:39:00+0000,2022-09-26 05:42:00+0000
2022-09-27,82.0,474.0,1,2022-09-26 21:15:00+0000,2022-09-27 06:32:00+0000
2022-09-28,47.0,378.0,0,2022-09-27 22:37:00+0000,2022-09-28 05:42:00+0000
2022-09-29,72.0,370.0,1,2022-09-28 22:17:00+0000,2022-09-29 05:40:00+0000
2022-09-30,118.0,381.0,0,2022-09-29 22:12:00+0000,2022-09-30 06:31:00+0000
2022-10-01,86.0,419.0,0,2022-09-30 22:13:00+0000,2022-10-01 06:38:00+0000
2022-10-02,114.0,498.0,6,2022-10-01 20:49:00+0000,2022-10-02 07:07:00+0000
2022-10-03,75.0,396.0,0,2022-10-02 21:49:00+0000,2022-10-03 05:40:00+0000
2022-10-04,67.0,399.0,1,2022-10-03 21:34:00+0000,2022-10-04 05:21:00+0000
2022-10-05,90.0,306.0,11,2022-10-04 22:33:00+0000,2022-10-05 05:20:00+0000
2022-10-06,66.0,415.0,0,2022-10-05 21:21:00+0000,2022-10-06 05:22:00+0000
2022-10-07,99.0,396.0,0,2022-10-06 21:22:00+0000,2022-10-07 05:37:00+0000
2022-10-08,89.0,567.0,2,2022-10-07 20:11:00+0000,2022-10-08 07:09:00+0000
2022-10-09,76.0,483.0,0,2022-10-08 21:43:00+0000,2022-10-09 07:02:00+0000
2022-10-10,70.0,415.0,0,2022-10-09 21:36:00+0000,2022-10-10 05:41:00+0000
2022-10-11,61.0,398.0,0,2022-10-10 21:55:00+0000,2022-10-11 05:34:00+0000
2022-10-12,68.0,406.0,1,2022-10-11 22:23:00+0000,2022-10-12 06:18:00+0000
2022-10-13,83.0,413.0,0,2022-10-12 21:25:00+0000,2022-10-13 05:41:00+0000
2022-10-14,69.0,426.0,1,2022-10-13 21:25:00+0000,2022-10-14 05:41:00+0000
2022-10-15,103.0,500.0,23,2022-10-14 21:24:00+0000,2022-10-15 07:50:00+0000
2022-10-16,61.0,384.0,1,2022-10-15 23:11:00+0000,2022-10-16 06:37:00+0000
2022-10-17,67.0,463.0,1,2022-10-16 20:49:00+0000,2022-10-17 05:40:00+0000
2022-10-18,82.0,423.0,1,2022-10-17 21:04:00+0000,2022-10-18 05:30:00+0000
2022-10-19,58.0,395.0,1,2022-10-18 22:09:00+0000,2022-10-19 05:43:00+0000
2022-10-20,93.0,398.0,5,2022-10-19 21:26:00+0000,2022-10-20 05:42:00+0000
2022-10-21,77.0,375.0,0,2022-10-20 22:09:00+0000,2022-10-21 05:41:00+0000
2022-10-22,121.0,512.0,0,2022-10-21 20:44:00+0000,2022-10-22 07:17:00+0000
2022-10-23,60.0,472.0,5,2022-10-22 22:46:00+0000,2022-10-23 07:43:00+0000
2022-10-24,52.0,424.0,1,2022-10-23 21:45:00+0000,2022-10-24 05:42:00+0000
2022-10-25,80.0,372.0,0,2022-10-24 22:09:00+0000,2022-10-25 05:41:00+0000
2022-10-26,108.0,383.0,0,2022-10-25 21:23:00+0000,2022-10-26 05:34:00+0000
2022-10-27,78.0,404.0,0,2022-10-26 21:30:00+0000,2022-10-27 05:32:00+0000
2022-10-28,120.0,374.0,0,2022-10-27 21:18:00+0000,2022-10-28 05:32:00+0000
2022-10-29,34.0,444.0,0,2022-10-28 22:17:00+0000,2022-10-29 06:15:00+0000
2022-10-30,125.0,429.0,0,2022-10-29 21:29:00+0000,2022-10-30 06:43:00+0000
2022-10-31,102.0,419.0,0,2022-10-30 22:27:00+0000,2022-10-31 07:08:00+0000
2022-11-01,86.0,417.0,0,2022-10-31 22:46:00+0000,2022-11-01 07:09:00+0000
2022-11-02,71.0,445.0,0,2022-11-01 21:52:00+0000,2022-11-02 06:28:00+0000
2022-11-03,53.0,341.0,0,2022-11-03 00:08:00+0000,2022-11-03 06:42:00+0000
2022-11-04,44.0,389.0,0,2022-11-03 23:29:00+0000,2022-11-04 06:42:00+0000
2022-11-05,101.0,377.0,0,2022-11-04 23:41:00+0000,2022-11-05 07:39:00+0000
2022-11-06,104.0,406.0,0,2022-11-05 22:46:00+0000,2022-11-06 07:16:00+0000
2022-11-07,61.0,401.0,0,2022-11-06 22:55:00+0000,2022-11-07 06:37:00+0000
2022-11-08,77.0,428.0,1,2022-11-07 22:14:00+0000,2022-11-08 06:40:00+0000
2022-11-09,55.0,434.0,0,2022-11-08 22:23:00+0000,2022-11-09 06:32:00+0000
2022-11-10,96.0,363.0,1,2022-11-09 22:46:00+0000,2022-11-10 06:26:00+0000
2022-11-11,55.0,349.0,0,2022-11-10 23:58:00+0000,2022-11-11 06:42:00+0000
2022-11-12,72.0,488.0,0,2022-11-11 21:40:00+0000,2022-11-12 07:00:00+0000
2022-11-13,94.0,462.0,0,2022-11-12 22:10:00+0000,2022-11-13 07:26:00+0000
2022-11-14,87.0,379.0,0,2022-11-13 22:55:00+0000,2022-11-14 06:41:00+0000
2022-11-15,64.0,438.0,1,2022-11-14 22:17:00+0000,2022-11-15 06:40:00+0000
2022-11-16,68.0,428.0,1,2022-11-15 22:22:00+0000,2022-11-16 06:39:00+0000
2022-11-17,78.0,386.0,0,2022-11-16 22:55:00+0000,2022-11-17 06:39:00+0000
2022-11-18,129.0,393.0,0,2022-11-17 21:59:00+0000,2022-11-18 06:41:00+0000
2022-11-19,92.0,595.0,5,2022-11-18 21:48:00+0000,2022-11-19 09:20:00+0000
2022-11-20,87.0,515.0,2,2022-11-19 22:21:00+0000,2022-11-20 08:25:00+0000
2022-11-21,85.0,494.0,7,2022-11-20 22:25:00+0000,2022-11-21 08:11:00+0000
2022-11-22,83.0,462.0,0,2022-11-21 23:10:00+0000,2022-11-22 08:15:00+0000
2022-11-23,70.0,388.0,2,2022-11-23 00:18:00+0000,2022-11-23 07:58:00+0000
2022-11-24,89.0,402.0,1,2022-11-24 00:23:00+0000,2022-11-24 08:35:00+0000
2022-11-25,96.0,366.0,1,2022-11-24 22:49:00+0000,2022-11-25 06:32:00+0000
2022-11-26,78.0,399.0,0,2022-11-26 00:51:00+0000,2022-11-26 08:48:00+0000
2022-11-27,101.0,440.0,23,2022-11-26 23:38:00+0000,2022-11-27 09:02:00+0000
2022-11-28,80.0,387.0,0,2022-11-27 22:54:00+0000,2022-11-28 06:41:00+0000
2022-11-29,53.0,398.0,0,2022-11-28 23:01:00+0000,2022-11-29 06:32:00+0000
2022-11-30,88.0,456.0,0,2022-11-29 21:27:00+0000,2022-11-30 06:31:00+0000
2022-12-01,89.0,374.0,0,2022-11-30 22:49:00+0000,2022-12-01 06:32:00+0000
2022-12-02,58.0,430.0,0,2022-12-01 22:23:00+0000,2022-12-02 06:31:00+0000
2022-12-03,104.0,411.0,0,2022-12-02 22:26:00+0000,2022-12-03 07:01:00+0000
2022-12-04,135.0,447.0,0,2022-12-03 21:55:00+0000,2022-12-04 07:37:00+0000
2022-12-05,53.0,380.0,0,2022-12-04 23:17:00+0000,2022-12-05 06:30:00+0000
2022-12-06,80.0,463.0,1,2022-12-05 22:35:00+0000,2022-12-06 07:39:00+0000
2022-12-07,62.0,298.0,0,2022-12-07 00:32:00+0000,2022-12-07 06:32:00+0000
2022-12-08,100.0,516.0,1,2022-12-07 21:25:00+0000,2022-12-08 07:42:00+0000
2022-12-09,83.0,397.0,0,2022-12-09 00:31:00+0000,2022-12-09 08:31:00+0000
2022-12-10,71.0,464.0,1,2022-12-09 22:46:00+0000,2022-12-10 07:42:00+0000
2022-12-11,91.0,504.0,1,2022-12-10 21:23:00+0000,2022-12-11 07:19:00+0000
2022-12-12,59.0,490.0,3,2022-12-11 21:19:00+0000,2022-12-12 06:31:00+0000
2022-12-13,82.0,437.0,0,2022-12-12 22:01:00+0000,2022-12-13 06:40:00+0000
2022-12-14,124.0,346.0,1,2022-12-13 22:41:00+0000,2022-12-14 06:32:00+0000
2022-12-15,78.0,453.0,0,2022-12-14 21:39:00+0000,2022-12-15 06:30:00+0000
2022-12-16,32.0,421.0,0,2022-12-15 22:46:00+0000,2022-12-16 06:19:00+0000
2022-12-17,70.0,505.0,0,2022-12-16 21:23:00+0000,2022-12-17 06:58:00+0000
2022-12-18,66.0,449.0,0,2022-12-17 22:35:00+0000,2022-12-18 07:10:00+0000
2022-12-19,86.0,392.0,1,2022-12-18 22:35:00+0000,2022-12-19 06:34:00+0000
2022-12-20,80.0,415.0,2,2022-12-19 22:24:00+0000,2022-12-20 06:41:00+0000
2022-12-21,82.0,411.0,0,2022-12-20 22:28:00+0000,2022-12-21 06:41:00+0000
2022-12-22,96.0,433.0,0,2022-12-21 21:50:00+0000,2022-12-22 06:39:00+0000
2022-12-23,63.0,366.0,0,2022-12-23 00:20:00+0000,2022-12-23 07:29:00+0000
2022-12-24,115.0,490.0,18,2022-12-23 22:54:00+0000,2022-12-24 09:17:00+0000
2022-12-25,58.0,423.0,0,2022-12-25 00:49:00+0000,2022-12-25 08:50:00+0000
2022-12-26,73.0,458.0,0,2022-12-25 23:19:00+0000,2022-12-26 08:10:00+0000
2022-12-27,88.0,647.0,44,2022-12-26 19:49:00+0000,2022-12-27 08:48:00+0000
2022-12-28,105.0,401.0,0,2022-12-27 23:38:00+0000,2022-12-28 08:04:00+0000
2022-12-29,70.0,454.0,0,2022-12-28 23:03:00+0000,2022-12-29 07:47:00+0000
2022-12-30,79.0,450.0,0,2022-12-29 23:23:00+0000,2022-12-30 08:12:00+0000
2022-12-31,53.0,382.0,0,2022-12-31 00:38:00+0000,2022-12-31 07:53:00+0000
2023-01-01,93.0,419.0,1,2023-01-01 00:45:00+0000,2023-01-01 09:18:00+0000
2023-01-02,80.0,530.0,8,2023-01-01 22:27:00+0000,2023-01-02 08:45:00+0000
2023-01-03,102.0,352.0,1,2023-01-03 00:18:00+0000,2023-01-03 07:53:00+0000
2023-01-04,70.0,398.0,0,2023-01-04 00:26:00+0000,2023-01-04 08:14:00+0000
2023-01-05,106.0,440.0,0,2023-01-04 23:14:00+0000,2023-01-05 08:20:00+0000
2023-01-06,74.0,485.0,1,2023-01-05 23:31:00+0000,2023-01-06 08:51:00+0000
2023-01-07,65.0,472.0,0,2023-01-06 23:19:00+0000,2023-01-07 08:16:00+0000
2023-01-08,76.0,456.0,1,2023-01-07 23:18:00+0000,2023-01-08 08:11:00+0000
2023-01-09,69.0,372.0,0,2023-01-08 23:11:00+0000,2023-01-09 06:32:00+0000
2023-01-10,70.0,403.0,0,2023-01-09 22:40:00+0000,2023-01-10 06:33:00+0000
2023-01-11,65.71428571428571,375.42857142857144,0,2023-01-09 23:00:00+0000,2023-01-09 23:00:00+0000
2023-01-12,91.0,363.0,1,2023-01-11 23:08:00+0000,2023-01-12 06:43:00+0000
2023-01-13,63.0,392.0,0,2023-01-12 23:08:00+0000,2023-01-13 06:43:00+0000
2023-01-14,77.0,403.0,0,2023-01-13 23:33:00+0000,2023-01-14 07:33:00+0000
2023-01-15,67.0,475.0,1,2023-01-14 23:29:00+0000,2023-01-15 08:32:00+0000
2023-01-16,92.0,369.0,0,2023-01-15 23:01:00+0000,2023-01-16 06:42:00+0000
2023-01-17,83.0,390.0,1,2023-01-16 22:41:00+0000,2023-01-17 06:35:00+0000
2023-01-18,53.0,419.0,0,2023-01-17 22:49:00+0000,2023-01-18 06:41:00+0000
2023-01-19,91.0,342.0,1,2023-01-18 23:28:00+0000,2023-01-19 06:42:00+0000
2023-01-20,72.0,465.0,3,2023-01-19 21:40:00+0000,2023-01-20 06:40:00+0000
2023-01-21,149.0,499.0,7,2023-01-20 20:53:00+0000,2023-01-21 07:48:00+0000
2023-01-22,74.0,466.0,1,2023-01-21 22:07:00+0000,2023-01-22 07:08:00+0000
2023-01-23,87.0,408.0,0,2023-01-22 22:18:00+0000,2023-01-23 06:33:00+0000
2023-01-24,99.0,401.0,0,2023-01-23 22:21:00+0000,2023-01-24 06:41:00+0000
2023-01-25,101.0,345.0,0,2023-01-24 23:16:00+0000,2023-01-25 06:42:00+0000
2023-01-26,72.0,440.0,0,2023-01-25 22:07:00+0000,2023-01-26 06:39:00+0000
2023-01-27,82.0,370.0,1,2023-01-26 23:00:00+0000,2023-01-27 06:33:00+0000
2023-01-28,110.0,355.0,0,2023-01-28 00:38:00+0000,2023-01-28 08:23:00+0000
2023-01-29,93.0,446.0,0,2023-01-28 21:53:00+0000,2023-01-29 06:52:00+0000
2023-01-30,99.0,502.0,6,2023-01-29 21:11:00+0000,2023-01-30 07:18:00+0000
2023-01-31,93.0,427.0,0,2023-01-30 22:02:00+0000,2023-01-31 06:42:00+0000
2023-02-01,90.0,472.0,0,2023-01-31 21:20:00+0000,2023-02-01 06:42:00+0000
2023-02-02,112.0,389.0,0,2023-02-01 22:19:00+0000,2023-02-02 06:40:00+0000
2023-02-03,76.0,431.0,0,2023-02-02 22:14:00+0000,2023-02-03 06:41:00+0000
2023-02-04,97.0,417.0,0,2023-02-03 23:44:00+0000,2023-02-04 08:18:00+0000
2023-02-05,113.0,412.0,0,2023-02-04 23:29:00+0000,2023-02-05 08:14:00+0000
2023-02-06,94.0,448.0,0,2023-02-05 21:40:00+0000,2023-02-06 06:42:00+0000
2023-02-07,104.0,363.0,2,2023-02-06 22:55:00+0000,2023-02-07 06:44:00+0000
2023-02-08,94.0,416.0,0,2023-02-07 22:01:00+0000,2023-02-08 06:31:00+0000
2023-02-09,101.0,398.0,0,2023-02-08 22:22:00+0000,2023-02-09 06:41:00+0000
2023-02-10,112.0,448.0,0,2023-02-09 21:18:00+0000,2023-02-10 06:38:00+0000
2023-02-11,88.0,397.0,0,2023-02-10 23:17:00+0000,2023-02-11 07:22:00+0000
2023-02-12,131.0,563.0,30,2023-02-11 21:16:00+0000,2023-02-12 09:20:00+0000
2023-02-13,88.0,384.0,1,2023-02-12 22:48:00+0000,2023-02-13 06:41:00+0000
2023-02-14,97.0,342.0,0,2023-02-13 23:11:00+0000,2023-02-14 06:30:00+0000
2023-02-15,98.0,380.0,0,2023-02-14 22:43:00+0000,2023-02-15 06:41:00+0000
2023-02-16,65.0,436.0,1,2023-02-15 22:08:00+0000,2023-02-16 06:30:00+0000
2023-02-17,70.0,483.0,0,2023-02-16 21:19:00+0000,2023-02-17 06:32:00+0000
2023-02-18,85.0,479.0,1,2023-02-17 21:39:00+0000,2023-02-18 07:04:00+0000
2023-02-19,87.0,617.0,10,2023-02-18 20:57:00+0000,2023-02-19 08:51:00+0000
2023-02-20,63.0,468.0,0,2023-02-19 21:39:00+0000,2023-02-20 06:30:00+0000
2023-02-21,112.0,469.0,3,2023-02-20 20:51:00+0000,2023-02-21 06:35:00+0000
2023-02-22,69.0,362.0,42,2023-02-21 22:32:00+0000,2023-02-22 06:25:00+0000
2023-02-23,58.0,402.0,0,2023-02-22 22:25:00+0000,2023-02-23 06:05:00+0000
2023-02-24,70.0,446.0,2,2023-02-23 21:41:00+0000,2023-02-24 06:19:00+0000
2023-02-25,64.0,512.0,1,2023-02-24 22:46:00+0000,2023-02-25 08:23:00+0000
2023-02-26,106.0,536.0,0,2023-02-25 21:15:00+0000,2023-02-26 07:57:00+0000
2023-02-27,78.0,485.0,0,2023-02-26 21:14:00+0000,2023-02-27 06:37:00+0000
2023-02-28,80.0,419.0,0,2023-02-27 22:13:00+0000,2023-02-28 06:32:00+0000
2023-03-01,58.0,372.0,0,2023-02-28 23:27:00+0000,2023-03-01 06:37:00+0000
2023-03-02,78.0,430.0,0,2023-03-01 21:58:00+0000,2023-03-02 06:26:00+0000
2023-03-03,74.0,402.0,0,2023-03-02 22:36:00+0000,2023-03-03 06:32:00+0000
2023-03-04,62.0,354.0,0,2023-03-04 00:39:00+0000,2023-03-04 07:35:00+0000
2023-03-05,83.0,453.0,0,2023-03-04 22:41:00+0000,2023-03-05 07:37:00+0000
2023-03-06,87.0,433.0,0,2023-03-05 22:01:00+0000,2023-03-06 06:41:00+0000
2023-03-07,60.0,393.0,1,2023-03-06 22:57:00+0000,2023-03-07 06:31:00+0000
2023-03-08,75.0,418.0,0,2023-03-07 22:20:00+0000,2023-03-08 06:33:00+0000
2023-03-09,55.0,419.0,1,2023-03-08 22:37:00+0000,2023-03-09 06:32:00+0000
2023-03-10,66.0,389.0,1,2023-03-09 23:14:00+0000,2023-03-10 06:50:00+0000
2023-03-11,91.0,467.0,1,2023-03-10 21:50:00+0000,2023-03-11 07:09:00+0000
2023-03-12,63.0,436.0,0,2023-03-11 23:32:00+0000,2023-03-12 07:51:00+0000
2023-03-13,108.0,403.0,0,2023-03-12 22:00:00+0000,2023-03-13 06:31:00+0000
2023-03-14,92.0,401.0,0,2023-03-13 22:28:00+0000,2023-03-14 06:41:00+0000
2023-03-15,68.0,408.0,0,2023-03-14 22:34:00+0000,2023-03-15 06:30:00+0000
2023-03-16,57.0,403.0,2,2023-03-15 22:38:00+0000,2023-03-16 06:20:00+0000
2023-03-17,104.0,411.0,0,2023-03-16 22:07:00+0000,2023-03-17 06:42:00+0000
2023-03-18,99.0,425.0,0,2023-03-17 22:28:00+0000,2023-03-18 07:12:00+0000
2023-03-19,49.0,402.0,0,2023-03-18 23:47:00+0000,2023-03-19 07:18:00+0000
2023-03-20,107.0,410.0,1,2023-03-19 21:56:00+0000,2023-03-20 06:34:00+0000
2023-03-21,70.0,467.0,2,2023-03-20 22:21:00+0000,2023-03-21 07:20:00+0000
2023-03-22,65.0,490.0,0,2023-03-21 21:22:00+0000,2023-03-22 06:37:00+0000
2023-03-23,69.0,432.0,0,2023-03-22 22:20:00+0000,2023-03-23 06:41:00+0000
2023-03-24,135.0,494.0,24,2023-03-23 21:50:00+0000,2023-03-24 08:43:00+0000
2023-03-25,83.0,475.0,0,2023-03-24 21:34:00+0000,2023-03-25 06:52:00+0000
2023-03-26,63.0,486.0,2,2023-03-25 22:15:00+0000,2023-03-26 07:26:00+0000
2023-03-27,81.0,394.0,1,2023-03-26 21:37:00+0000,2023-03-27 05:33:00+0000
2023-03-28,69.0,376.0,0,2023-03-27 22:17:00+0000,2023-03-28 05:42:00+0000
2023-03-29,84.0,396.0,0,2023-03-28 21:42:00+0000,2023-03-29 05:42:00+0000
2023-03-30,107.0,448.0,0,2023-03-29 20:28:00+0000,2023-03-30 05:43:00+0000
2023-03-31,105.0,380.0,0,2023-03-30 21:44:00+0000,2023-03-31 05:49:00+0000
2023-04-01,98.0,527.0,0,2023-03-31 20:04:00+0000,2023-04-01 06:29:00+0000
2023-04-02,77.71428571428571,360.14285714285717,0,2023-03-31 22:00:00+0000,2023-03-31 22:00:00+0000
2023-04-03,105.0,476.0,11,2023-04-02 20:17:00+0000,2023-04-03 06:09:00+0000
2023-04-04,75.0,443.0,0,2023-04-03 21:16:00+0000,2023-04-04 05:54:00+0000
2023-04-05,110.0,427.0,0,2023-04-04 21:58:00+0000,2023-04-05 06:55:00+0000
2023-04-06,90.0,440.0,3,2023-04-05 22:06:00+0000,2023-04-06 06:59:00+0000
2023-04-07,75.0,507.0,33,2023-04-06 20:14:00+0000,2023-04-07 06:29:00+0000
2023-04-08,74.0,431.0,18,2023-04-07 23:34:00+0000,2023-04-08 08:17:00+0000
2023-04-09,97.0,453.0,15,2023-04-08 22:09:00+0000,2023-04-09 07:34:00+0000
2023-04-10,118.0,310.0,0,2023-04-09 22:50:00+0000,2023-04-10 05:58:00+0000
2023-04-11,60.0,337.0,1,2023-04-10 23:58:00+0000,2023-04-11 06:36:00+0000
2023-04-12,92.0,459.0,15,2023-04-11 23:11:00+0000,2023-04-12 08:37:00+0000
2023-04-13,68.0,442.0,0,2023-04-12 22:34:00+0000,2023-04-13 07:04:00+0000
2023-04-14,116.0,458.0,9,2023-04-13 22:56:00+0000,2023-04-14 08:39:00+0000
2023-04-15,102.0,445.0,0,2023-04-14 22:28:00+0000,2023-04-15 07:35:00+0000
2023-04-16,45.0,453.0,0,2023-04-15 23:27:00+0000,2023-04-16 07:45:00+0000
2023-04-17,94.0,370.0,0,2023-04-16 21:48:00+0000,2023-04-17 05:32:00+0000
2023-04-18,87.0,387.0,0,2023-04-17 21:38:00+0000,2023-04-18 05:32:00+0000
2023-04-19,38.0,426.0,0,2023-04-18 21:48:00+0000,2023-04-19 05:32:00+0000
2023-04-20,84.0,372.0,0,2023-04-19 21:56:00+0000,2023-04-20 05:32:00+0000
2023-04-21,82.0,312.0,0,2023-04-20 22:57:00+0000,2023-04-21 05:31:00+0000
2023-04-22,88.0,441.0,7,2023-04-21 21:38:00+0000,2023-04-22 06:34:00+0000
2023-04-23,105.0,357.0,0,2023-04-22 22:50:00+0000,2023-04-23 06:32:00+0000
2023-04-24,52.0,321.0,0,2023-04-23 23:03:00+0000,2023-04-24 05:16:00+0000
2023-04-25,85.0,375.0,0,2023-04-24 22:02:00+0000,2023-04-25 05:42:00+0000
2023-04-26,70.85714285714286,54.0,0,2023-04-26 04:47:00+0000,2023-04-26 05:41:00+0000
2023-04-27,69.0,422.0,1,2023-04-26 21:28:00+0000,2023-04-27 05:40:00+0000
2023-04-28,96.0,376.0,0,2023-04-27 21:52:00+0000,2023-04-28 05:44:00+0000
2023-04-29,91.0,446.0,0,2023-04-28 22:25:00+0000,2023-04-29 07:22:00+0000
2023-04-30,83.0,365.0,0,2023-04-29 23:18:00+0000,2023-04-30 06:46:00+0000
2023-05-01,56.0,302.0,0,2023-05-01 00:47:00+0000,2023-05-01 06:45:00+0000
2023-05-02,105.0,374.0,1,2023-05-01 21:32:00+0000,2023-05-02 05:32:00+0000
2023-05-03,71.0,387.0,0,2023-05-02 21:53:00+0000,2023-05-03 05:31:00+0000
2023-05-04,46.0,394.0,0,2023-05-03 22:05:00+0000,2023-05-04 05:25:00+0000
2023-05-05,84.0,365.0,0,2023-05-04 22:09:00+0000,2023-05-05 05:38:00+0000
2023-05-06,76.0,524.0,0,2023-05-05 20:50:00+0000,2023-05-06 06:50:00+0000
2023-05-07,72.0,451.0,1,2023-05-06 22:52:00+0000,2023-05-07 07:36:00+0000
2023-05-08,92.0,365.0,0,2023-05-07 21:56:00+0000,2023-05-08 05:33:00+0000
2023-05-09,70.0,418.0,0,2023-05-08 21:36:00+0000,2023-05-09 05:44:00+0000
2023-05-10,62.857142857142854,359.57142857142856,0,2023-05-08 22:00:00+0000,2023-05-08 22:00:00+0000
2023-05-11,136.0,360.0,0,2023-05-10 21:24:00+0000,2023-05-11 05:40:00+0000
2023-05-12,75.0,414.0,1,2023-05-11 21:48:00+0000,2023-05-12 05:58:00+0000
2023-05-13,61.0,261.0,0,2023-05-13 01:59:00+0000,2023-05-13 07:21:00+0000
2023-05-14,71.0,516.0,8,2023-05-13 21:18:00+0000,2023-05-14 07:13:00+0000
2023-05-15,53.0,393.0,0,2023-05-14 21:22:00+0000,2023-05-15 04:48:00+0000
2023-05-16,73.0,415.0,0,2023-05-15 21:23:00+0000,2023-05-16 05:31:00+0000
2023-05-17,85.0,362.0,1,2023-05-16 22:04:00+0000,2023-05-17 05:32:00+0000
2023-05-18,68.0,444.0,0,2023-05-17 21:09:00+0000,2023-05-18 05:41:00+0000
2023-05-19,106.0,520.0,1,2023-05-18 20:10:00+0000,2023-05-19 06:37:00+0000
2023-05-20,69.0,489.0,1,2023-05-19 20:58:00+0000,2023-05-20 06:17:00+0000
2023-05-21,101.0,476.0,9,2023-05-20 20:54:00+0000,2023-05-21 06:40:00+0000
2023-05-22,90.0,396.0,0,2023-05-21 21:37:00+0000,2023-05-22 05:43:00+0000
2023-05-23,74.0,402.0,0,2023-05-22 21:44:00+0000,2023-05-23 05:40:00+0000
2023-05-24,85.0,396.0,0,2023-05-23 22:01:00+0000,2023-05-24 06:02:00+0000
2023-05-25,86.0,381.0,0,2023-05-24 21:45:00+0000,2023-05-25 05:32:00+0000
2023-05-26,66.0,372.0,0,2023-05-25 22:25:00+0000,2023-05-26 05:43:00+0000
2023-05-27,74.0,489.0,0,2023-05-26 22:05:00+0000,2023-05-27 07:28:00+0000
2023-05-28,83.0,360.0,0,2023-05-27 22:58:00+0000,2023-05-28 06:21:00+0000
2023-05-29,104.0,368.0,1,2023-05-28 21:49:00+0000,2023-05-29 05:42:00+0000
2023-05-30,68.0,389.0,0,2023-05-29 22:05:00+0000,2023-05-30 05:42:00+0000
2023-05-31,78.0,390.0,1,2023-05-30 21:26:00+0000,2023-05-31 05:15:00+0000
2023-06-01,91.0,376.0,0,2023-05-31 21:25:00+0000,2023-06-01 05:12:00+0000
2023-06-02,108.0,393.0,0,2023-06-01 21:32:00+0000,2023-06-02 05:53:00+0000
2023-06-03,78.0,477.0,1,2023-06-02 21:27:00+0000,2023-06-03 06:43:00+0000
2023-06-04,112.0,368.0,0,2023-06-03 22:30:00+0000,2023-06-04 06:30:00+0000
2023-06-05,80.0,343.0,0,2023-06-04 22:29:00+0000,2023-06-05 05:32:00+0000
2023-06-06,42.0,236.0,0,2023-06-06 01:04:00+0000,2023-06-06 05:42:00+0000
2023-06-07,78.0,386.0,1,2023-06-06 21:50:00+0000,2023-06-07 05:35:00+0000
2023-06-08,74.0,455.0,0,2023-06-07 20:35:00+0000,2023-06-08 05:24:00+0000
2023-06-09,105.0,422.0,0,2023-06-08 21:45:00+0000,2023-06-09 06:32:00+0000
2023-06-10,78.0,541.0,1,2023-06-09 19:50:00+0000,2023-06-10 06:10:00+0000
2023-06-11,77.0,481.0,0,2023-06-10 21:05:00+0000,2023-06-11 06:23:00+0000
2023-06-12,81.0,407.0,1,2023-06-11 21:23:00+0000,2023-06-12 05:32:00+0000
2023-06-13,70.0,360.0,0,2023-06-12 22:30:00+0000,2023-06-13 05:40:00+0000
2023-06-14,86.0,373.0,0,2023-06-13 22:02:00+0000,2023-06-14 05:41:00+0000
2023-06-15,56.0,417.0,1,2023-06-14 21:36:00+0000,2023-06-15 05:30:00+0000
2023-06-16,103.0,376.0,0,2023-06-15 21:45:00+0000,2023-06-16 05:44:00+0000
2023-06-17,79.0,463.0,1,2023-06-16 21:03:00+0000,2023-06-17 06:06:00+0000
2023-06-18,58.0,447.0,0,2023-06-17 22:34:00+0000,2023-06-18 06:59:00+0000
2023-06-19,90.0,428.0,32,2023-06-18 20:30:00+0000,2023-06-19 05:40:00+0000
2023-06-20,96.0,387.0,0,2023-06-19 21:39:00+0000,2023-06-20 05:42:00+0000
2023-06-21,91.0,350.0,0,2023-06-20 22:00:00+0000,2023-06-21 05:21:00+0000
2023-06-22,61.0,411.0,0,2023-06-21 21:48:00+0000,2023-06-22 05:40:00+0000
2023-06-23,65.0,380.0,0,2023-06-22 22:02:00+0000,2023-06-23 05:27:00+0000
2023-06-24,58.0,416.0,0,2023-06-23 21:56:00+0000,2023-06-24 05:50:00+0000
2023-06-25,99.0,384.0,0,2023-06-24 22:37:00+0000,2023-06-25 06:40:00+0000
2023-06-26,67.0,438.0,0,2023-06-25 21:16:00+0000,2023-06-26 05:41:00+0000
2023-06-27,59.0,367.0,0,2023-06-26 22:26:00+0000,2023-06-27 05:32:00+0000
2023-06-28,81.0,341.0,0,2023-06-27 22:19:00+0000,2023-06-28 05:21:00+0000
2023-06-29,61.0,406.0,0,2023-06-28 21:54:00+0000,2023-06-29 05:41:00+0000
2023-06-30,60.0,433.0,0,2023-06-29 21:29:00+0000,2023-06-30 05:42:00+0000
2023-07-01,78.0,411.0,0,2023-06-30 22:22:00+0000,2023-07-01 06:31:00+0000
2023-07-02,73.0,444.0,0,2023-07-01 21:59:00+0000,2023-07-02 06:36:00+0000
2023-07-03,63.0,420.0,0,2023-07-02 22:29:00+0000,2023-07-03 06:32:00+0000
2023-07-04,78.0,283.0,1,2023-07-03 22:55:00+0000,2023-07-04 04:57:00+0000
2023-07-05,64.0,418.0,0,2023-07-04 22:10:00+0000,2023-07-05 06:12:00+0000
2023-07-06,102.0,379.0,1,2023-07-05 21:49:00+0000,2023-07-06 05:51:00+0000
2023-07-07,79.0,403.0,0,2023-07-06 21:58:00+0000,2023-07-07 06:00:00+0000
2023-07-08,83.0,435.0,2,2023-07-07 21:42:00+0000,2023-07-08 06:22:00+0000
2023-07-13,46.0,205.0,0,2023-07-13 01:30:00+0000,2023-07-13 05:41:00+0000
2023-07-14,77.0,426.0,0,2023-07-13 21:44:00+0000,2023-07-14 06:07:00+0000
2023-07-15,52.0,434.0,41,2023-07-14 22:20:00+0000,2023-07-15 07:07:00+0000
2023-07-16,59.0,412.0,1,2023-07-15 22:57:00+0000,2023-07-16 06:49:00+0000
2023-07-17,74.0,420.0,0,2023-07-16 22:21:00+0000,2023-07-17 06:35:00+0000
2023-07-18,69.0,412.0,0,2023-07-17 22:15:00+0000,2023-07-18 06:16:00+0000
2023-07-19,98.0,400.0,0,2023-07-18 22:12:00+0000,2023-07-19 06:30:00+0000
2023-07-20,89.0,481.0,0,2023-07-19 21:19:00+0000,2023-07-20 06:49:00+0000
2023-07-21,68.0,405.0,0,2023-07-20 22:56:00+0000,2023-07-21 06:49:00+0000
2023-07-22,70.0,388.0,52,2023-07-21 22:04:00+0000,2023-07-22 06:34:00+0000
2023-07-23,80.0,350.0,0,2023-07-22 21:50:00+0000,2023-07-23 05:00:00+0000
2023-07-24,90.0,374.0,1,2023-07-23 23:45:00+0000,2023-07-24 07:30:00+0000
2023-07-25,103.0,378.0,0,2023-07-24 21:31:00+0000,2023-07-25 05:32:00+0000
2023-07-26,101.0,374.0,2,2023-07-25 22:55:00+0000,2023-07-26 06:52:00+0000
2023-07-27,128.0,418.0,0,2023-07-26 21:54:00+0000,2023-07-27 07:00:00+0000
2023-07-28,76.0,354.0,0,2023-07-27 23:24:00+0000,2023-07-28 06:34:00+0000
2023-07-29,92.0,397.0,0,2023-07-28 22:29:00+0000,2023-07-29 06:38:00+0000
2023-07-30,95.0,487.0,0,2023-07-29 22:08:00+0000,2023-07-30 07:50:00+0000
2023-07-31,50.0,427.0,0,2023-07-30 21:58:00+0000,2023-07-31 05:55:00+0000
2023-08-01,73.0,427.0,0,2023-07-31 21:50:00+0000,2023-08-01 06:10:00+0000
2023-08-02,99.0,418.0,1,2023-08-01 21:37:00+0000,2023-08-02 06:15:00+0000
2023-08-03,76.0,325.0,0,2023-08-03 00:26:00+0000,2023-08-03 07:07:00+0000
2023-08-04,85.0,401.0,0,2023-08-03 22:15:00+0000,2023-08-04 06:21:00+0000
2023-08-05,93.0,382.0,0,2023-08-04 22:44:00+0000,2023-08-05 06:39:00+0000
2023-08-06,77.0,463.0,0,2023-08-05 21:57:00+0000,2023-08-06 06:57:00+0000
2023-08-07,93.0,418.0,0,2023-08-06 21:55:00+0000,2023-08-07 06:26:00+0000
2023-08-08,65.0,406.0,43,2023-08-07 21:58:00+0000,2023-08-08 06:32:00+0000
2023-08-09,58.0,397.0,46,2023-08-08 23:01:00+0000,2023-08-09 07:22:00+0000
2023-08-10,52.0,413.0,0,2023-08-09 22:33:00+0000,2023-08-10 06:18:00+0000
2023-08-11,100.0,388.0,0,2023-08-10 21:52:00+0000,2023-08-11 06:00:00+0000
2023-08-12,46.0,472.0,0,2023-08-11 21:24:00+0000,2023-08-12 06:02:00+0000
2023-08-13,85.0,443.0,1,2023-08-12 22:05:00+0000,2023-08-13 06:54:00+0000
2023-08-14,77.0,413.0,0,2023-08-13 21:46:00+0000,2023-08-14 05:56:00+0000
2023-08-15,93.0,351.0,0,2023-08-14 22:38:00+0000,2023-08-15 06:02:00+0000
2023-08-16,125.0,392.0,1,2023-08-15 21:12:00+0000,2023-08-16 05:50:00+0000
2023-08-17,50.0,402.0,0,2023-08-16 22:29:00+0000,2023-08-17 06:01:00+0000
2023-08-18,97.0,419.0,0,2023-08-17 21:26:00+0000,2023-08-18 06:02:00+0000
2023-08-19,112.0,486.0,0,2023-08-18 21:13:00+0000,2023-08-19 07:11:00+0000
2023-08-20,84.0,380.0,0,2023-08-19 22:47:00+0000,2023-08-20 06:31:00+0000
2023-08-21,91.0,274.0,0,2023-08-20 22:04:00+0000,2023-08-21 04:09:00+0000
2023-08-22,59.0,424.0,7,2023-08-21 21:16:00+0000,2023-08-22 05:26:00+0000
2023-08-23,55.0,357.0,0,2023-08-22 21:31:00+0000,2023-08-23 04:23:00+0000
2023-08-24,72.0,394.0,0,2023-08-23 21:12:00+0000,2023-08-24 04:58:00+0000
2023-08-25,59.0,348.0,0,2023-08-24 22:07:00+0000,2023-08-25 04:54:00+0000
2023-08-26,88.0,357.0,0,2023-08-25 23:15:00+0000,2023-08-26 06:40:00+0000
2023-08-27,97.0,492.0,0,2023-08-26 22:06:00+0000,2023-08-27 07:55:00+0000
2023-08-28,67.0,438.0,0,2023-08-27 21:26:00+0000,2023-08-28 05:51:00+0000
2023-08-29,67.0,414.0,0,2023-08-28 20:41:00+0000,2023-08-29 04:42:00+0000
2023-08-30,47.0,413.0,0,2023-08-29 21:13:00+0000,2023-08-30 04:53:00+0000
2023-08-31,75.0,416.0,17,2023-08-30 21:07:00+0000,2023-08-31 05:35:00+0000
2023-09-01,68.0,333.0,0,2023-08-31 23:01:00+0000,2023-09-01 05:42:00+0000
2023-09-02,137.0,413.0,1,2023-09-01 22:32:00+0000,2023-09-02 07:43:00+0000
2023-09-03,54.0,437.0,0,2023-09-02 22:46:00+0000,2023-09-03 06:57:00+0000
2023-09-04,61.0,407.0,1,2023-09-03 21:07:00+0000,2023-09-04 04:56:00+0000
2023-09-05,56.0,387.0,0,2023-09-04 21:30:00+0000,2023-09-05 04:53:00+0000
2023-09-06,45.0,414.0,0,2023-09-05 21:23:00+0000,2023-09-06 05:02:00+0000
2023-09-07,78.0,371.0,1,2023-09-06 21:16:00+0000,2023-09-07 04:46:00+0000
2023-09-08,84.0,353.0,0,2023-09-07 21:45:00+0000,2023-09-08 05:02:00+0000
2023-09-09,88.0,463.0,0,2023-09-08 22:54:00+0000,2023-09-09 08:05:00+0000
2023-09-10,78.0,419.0,7,2023-09-09 22:48:00+0000,2023-09-10 07:12:00+0000
2023-09-11,64.0,391.0,0,2023-09-10 21:26:00+0000,2023-09-11 05:01:00+0000
2023-09-12,65.0,409.0,0,2023-09-11 22:09:00+0000,2023-09-12 06:03:00+0000
2023-09-13,88.0,392.0,0,2023-09-12 21:04:00+0000,2023-09-13 05:04:00+0000
2023-09-14,66.0,405.0,0,2023-09-13 20:49:00+0000,2023-09-14 04:40:00+0000
2023-09-15,53.0,343.0,73,2023-09-14 20:55:00+0000,2023-09-15 04:44:00+0000
2023-09-16,125.0,448.0,0,2023-09-15 20:29:00+0000,2023-09-16 06:02:00+0000
2023-09-17,77.0,411.0,14,2023-09-16 21:57:00+0000,2023-09-17 06:19:00+0000
2023-09-18,77.0,451.0,0,2023-09-17 20:14:00+0000,2023-09-18 05:02:00+0000
2023-09-19,71.0,417.0,0,2023-09-18 20:34:00+0000,2023-09-19 04:42:00+0000
2023-09-20,79.0,386.0,0,2023-09-19 20:58:00+0000,2023-09-20 04:43:00+0000
2023-09-21,52.0,382.0,0,2023-09-20 21:09:00+0000,2023-09-21 04:23:00+0000
2023-09-22,83.0,341.0,1,2023-09-21 21:39:00+0000,2023-09-22 04:44:00+0000
2023-09-23,71.0,338.0,0,2023-09-23 00:33:00+0000,2023-09-23 07:22:00+0000
2023-09-24,96.0,479.0,0,2023-09-23 20:54:00+0000,2023-09-24 06:29:00+0000
2023-09-25,106.0,396.0,0,2023-09-24 21:10:00+0000,2023-09-25 05:32:00+0000
2023-09-26,95.0,357.0,1,2023-09-25 21:12:00+0000,2023-09-26 04:45:00+0000
2023-09-27,98.0,359.0,1,2023-09-26 21:02:00+0000,2023-09-27 04:40:00+0000
2023-09-28,64.0,376.0,1,2023-09-27 21:21:00+0000,2023-09-28 04:42:00+0000
2023-09-29,68.0,371.0,0,2023-09-28 21:22:00+0000,2023-09-29 04:41:00+0000
2023-09-30,63.0,400.0,0,2023-09-29 22:18:00+0000,2023-09-30 06:01:00+0000
2023-10-01,50.0,553.0,1,2023-09-30 20:58:00+0000,2023-10-01 07:02:00+0000
2023-10-02,65.0,462.0,7,2023-10-01 21:05:00+0000,2023-10-02 05:59:00+0000
2023-10-03,88.0,436.0,0,2023-10-02 20:47:00+0000,2023-10-03 05:31:00+0000
2023-10-05,56.857142857142854,371.14285714285717,0,2023-10-03 22:00:00+0000,2023-10-03 22:00:00+0000
2023-10-06,62.0,452.0,1,2023-10-05 20:53:00+0000,2023-10-06 05:28:00+0000
2023-10-07,105.0,441.0,1,2023-10-06 21:08:00+0000,2023-10-07 06:15:00+0000
2023-10-08,68.0,452.0,1,2023-10-07 21:40:00+0000,2023-10-08 06:21:00+0000
2023-10-09,90.0,401.0,0,2023-10-08 21:23:00+0000,2023-10-09 05:34:00+0000
2023-10-10,86.0,438.0,0,2023-10-09 19:59:00+0000,2023-10-10 04:43:00+0000
2023-10-11,67.0,439.0,0,2023-10-10 20:54:00+0000,2023-10-11 05:20:00+0000
2023-10-12,59.0,394.0,0,2023-10-11 23:22:00+0000,2023-10-12 06:55:00+0000
2023-10-13,63.0,463.0,0,2023-10-12 20:46:00+0000,2023-10-13 05:32:00+0000
2023-10-14,50.0,375.0,1,2023-10-13 23:02:00+0000,2023-10-14 06:08:00+0000
2023-10-15,126.0,456.0,0,2023-10-14 21:19:00+0000,2023-10-15 07:01:00+0000
2023-10-16,115.0,395.0,0,2023-10-15 21:25:00+0000,2023-10-16 05:55:00+0000
2023-10-17,81.0,381.0,1,2023-10-16 21:01:00+0000,2023-10-17 04:44:00+0000
2023-10-18,48.0,382.0,0,2023-10-17 21:34:00+0000,2023-10-18 04:44:00+0000
2023-10-19,54.0,417.0,0,2023-10-18 21:36:00+0000,2023-10-19 05:27:00+0000
2023-10-20,55.0,394.0,0,2023-10-19 21:13:00+0000,2023-10-20 04:42:00+0000
2023-10-21,66.0,403.0,0,2023-10-20 22:19:00+0000,2023-10-21 06:08:00+0000
2023-10-22,59.0,443.0,0,2023-10-21 22:13:00+0000,2023-10-22 06:35:00+0000
2023-10-23,67.0,429.0,47,2023-10-22 20:57:00+0000,2023-10-23 06:00:00+0000
2023-10-24,98.0,352.0,1,2023-10-23 21:22:00+0000,2023-10-24 04:53:00+0000
2023-10-25,53.0,405.0,0,2023-10-24 21:11:00+0000,2023-10-25 04:49:00+0000
2023-10-26,55.0,403.0,0,2023-10-25 21:29:00+0000,2023-10-26 05:07:00+0000
2023-10-27,94.0,369.0,0,2023-10-26 21:07:00+0000,2023-10-27 04:50:00+0000
2023-10-28,79.0,357.0,0,2023-10-27 22:35:00+0000,2023-10-28 05:51:00+0000
2023-10-29,96.0,501.0,1,2023-10-28 21:25:00+0000,2023-10-29 07:23:00+0000
2023-10-30,97.0,351.0,0,2023-10-29 22:33:00+0000,2023-10-30 06:01:00+0000
2023-10-31,83.0,378.0,6,2023-10-30 22:13:00+0000,2023-10-31 06:00:00+0000
2023-11-01,53.0,407.0,1,2023-10-31 22:23:00+0000,2023-11-01 06:04:00+0000
2023-11-02,97.0,370.0,0,2023-11-01 22:31:00+0000,2023-11-02 06:18:00+0000
2023-11-03,89.0,387.0,0,2023-11-02 22:34:00+0000,2023-11-03 06:30:00+0000
2023-11-04,72.0,396.0,0,2023-11-03 23:05:00+0000,2023-11-04 06:53:00+0000
2023-11-05,59.0,587.0,0,2023-11-04 21:18:00+0000,2023-11-05 08:04:00+0000
2023-11-06,99.0,389.0,1,2023-11-05 22:40:00+0000,2023-11-06 06:49:00+0000
2023-11-07,54.0,428.0,1,2023-11-06 22:23:00+0000,2023-11-07 06:26:00+0000
2023-11-08,81.0,372.0,0,2023-11-07 23:00:00+0000,2023-11-08 06:33:00+0000
2023-11-09,59.0,389.0,0,2023-11-08 23:26:00+0000,2023-11-09 06:54:00+0000
2023-11-10,51.0,421.0,0,2023-11-09 23:21:00+0000,2023-11-10 07:13:00+0000
2023-11-11,45.0,401.0,0,2023-11-11 00:19:00+0000,2023-11-11 07:45:00+0000
2023-11-12,85.0,608.0,1,2023-11-11 21:33:00+0000,2023-11-12 09:07:00+0000
2023-11-13,91.0,380.0,0,2023-11-12 23:09:00+0000,2023-11-13 07:00:00+0000
2023-11-14,63.0,348.0,0,2023-11-14 00:25:00+0000,2023-11-14 07:16:00+0000
2023-11-15,77.0,434.0,0,2023-11-14 23:12:00+0000,2023-11-15 07:43:00+0000
2023-11-16,102.0,410.0,0,2023-11-15 23:43:00+0000,2023-11-16 08:15:00+0000
2023-11-17,89.0,449.0,44,2023-11-17 00:09:00+0000,2023-11-17 09:51:00+0000
2023-11-18,99.0,453.0,0,2023-11-18 00:09:00+0000,2023-11-18 09:21:00+0000
2023-11-19,80.0,492.0,0,2023-11-18 23:43:00+0000,2023-11-19 09:15:00+0000
2023-11-20,104.0,347.0,0,2023-11-19 23:30:00+0000,2023-11-20 07:01:00+0000
2023-11-21,65.0,364.0,0,2023-11-20 23:42:00+0000,2023-11-21 06:51:00+0000
2023-11-22,85.0,381.0,0,2023-11-21 23:59:00+0000,2023-11-22 07:45:00+0000
2023-11-23,78.0,419.0,0,2023-11-22 23:50:00+0000,2023-11-23 08:07:00+0000
2023-11-24,75.0,427.0,0,2023-11-23 23:41:00+0000,2023-11-24 08:03:00+0000
2023-11-25,117.0,383.0,0,2023-11-25 00:05:00+0000,2023-11-25 08:25:00+0000
2023-11-26,103.0,363.0,0,2023-11-25 23:25:00+0000,2023-11-26 07:11:00+0000
2023-11-27,74.0,506.0,0,2023-11-26 22:15:00+0000,2023-11-27 07:55:00+0000
2023-11-28,118.0,387.0,0,2023-11-27 23:13:00+0000,2023-11-28 07:38:00+0000
2023-11-29,92.0,394.0,0,2023-11-28 23:08:00+0000,2023-11-29 07:14:00+0000
2023-11-30,98.0,401.0,0,2023-11-29 23:32:00+0000,2023-11-30 07:51:00+0000
2023-12-01,86.0,347.7142857142857,0,2023-11-29 23:00:00+0000,2023-11-29 23:00:00+0000
2023-12-02,69.28571428571429,293.0,0,2023-11-30 23:00:00+0000,2023-11-30 23:00:00+0000
2023-12-03,66.0,385.0,1,2023-12-03 01:52:00+0000,2023-12-03 09:24:00+0000
2023-12-04,79.0,465.0,0,2023-12-03 23:37:00+0000,2023-12-04 08:41:00+0000
2023-12-05,60.0,373.0,0,2023-12-05 01:02:00+0000,2023-12-05 08:15:00+0000
2023-12-06,145.0,432.0,1,2023-12-05 22:57:00+0000,2023-12-06 08:35:00+0000
2023-12-07,74.0,462.0,0,2023-12-07 00:07:00+0000,2023-12-07 09:03:00+0000
2023-12-08,119.0,466.0,1,2023-12-08 00:48:00+0000,2023-12-08 10:34:00+0000
2023-12-09,92.0,497.0,1,2023-12-08 23:18:00+0000,2023-12-09 09:08:00+0000
2023-12-10,80.0,401.0,0,2023-12-10 00:11:00+0000,2023-12-10 08:12:00+0000
2023-12-11,132.0,351.0,9,2023-12-10 22:58:00+0000,2023-12-11 07:10:00+0000
2023-12-12,97.0,376.0,0,2023-12-11 23:45:00+0000,2023-12-12 07:38:00+0000
2023-12-13,69.0,321.0,0,2023-12-13 01:09:00+0000,2023-12-13 07:39:00+0000
2023-12-14,77.0,373.0,0,2023-12-14 00:05:00+0000,2023-12-14 07:35:00+0000
2023-12-15,68.0,300.0,0,2023-12-15 01:19:00+0000,2023-12-15 07:27:00+0000
2023-12-16,145.0,445.0,1,2023-12-15 22:01:00+0000,2023-12-16 07:52:00+0000
2023-12-17,93.0,480.0,21,2023-12-16 22:36:00+0000,2023-12-17 08:30:00+0000
2023-12-18,113.0,340.0,0,2023-12-18 00:28:00+0000,2023-12-18 08:01:00+0000
2023-12-19,72.0,328.0,0,2023-12-19 01:14:00+0000,2023-12-19 07:54:00+0000
2023-12-20,81.0,306.0,0,2023-12-20 00:57:00+0000,2023-12-20 07:24:00+0000
2023-12-21,91.0,333.0,0,2023-12-20 23:37:00+0000,2023-12-21 06:41:00+0000
2023-12-22,90.0,382.0,0,2023-12-21 23:35:00+0000,2023-12-22 07:27:00+0000
2023-12-23,46.0,228.0,0,2023-12-23 00:14:00+0000,2023-12-23 04:48:00+0000
2023-12-24,95.0,371.0,0,2023-12-24 00:35:00+0000,2023-12-24 08:21:00+0000
2023-12-25,97.0,375.0,1,2023-12-25 00:42:00+0000,2023-12-25 08:35:00+0000
2023-12-26,97.0,466.0,0,2023-12-25 23:40:00+0000,2023-12-26 09:03:00+0000
2023-12-27,62.0,332.0,0,2023-12-27 01:47:00+0000,2023-12-27 08:21:00+0000
2023-12-28,60.0,454.0,0,2023-12-28 00:12:00+0000,2023-12-28 08:46:00+0000
2023-12-29,110.0,379.0,0,2023-12-29 00:44:00+0000,2023-12-29 08:53:00+0000
2023-12-30,81.0,415.0,3,2023-12-29 23:47:00+0000,2023-12-30 08:06:00+0000
2023-12-31,105.0,515.0,0,2023-12-30 23:03:00+0000,2023-12-31 09:23:00+0000
2024-01-01,97.0,490.0,0,2024-01-01 01:09:00+0000,2024-01-01 10:56:00+0000
2024-01-02,109.0,428.0,16,2024-01-01 23:03:00+0000,2024-01-02 08:16:00+0000
2024-01-03,81.0,381.0,0,2024-01-03 00:14:00+0000,2024-01-03 07:56:00+0000
2024-01-04,40.0,253.0,0,2024-01-04 04:26:00+0000,2024-01-04 09:19:00+0000
2024-01-05,104.0,315.0,0,2024-01-05 01:10:00+0000,2024-01-05 08:09:00+0000
2024-01-06,88.0,501.0,36,2024-01-05 22:49:00+0000,2024-01-06 09:14:00+0000
2024-01-07,71.0,488.0,7,2024-01-06 23:09:00+0000,2024-01-07 08:35:00+0000
2024-01-08,101.0,357.0,0,2024-01-07 23:11:00+0000,2024-01-08 06:49:00+0000
2024-01-09,102.0,462.0,20,2024-01-08 21:34:00+0000,2024-01-09 07:18:00+0000
2024-01-10,81.0,453.0,10,2024-01-09 22:27:00+0000,2024-01-10 07:31:00+0000
2024-01-11,97.0,417.0,0,2024-01-10 23:09:00+0000,2024-01-11 07:43:00+0000
2024-01-12,100.0,584.0,0,2024-01-11 21:02:00+0000,2024-01-12 08:26:00+0000
2024-01-13,80.0,470.0,1,2024-01-12 23:19:00+0000,2024-01-13 08:30:00+0000
2024-01-14,96.0,371.0,0,2024-01-14 01:19:00+0000,2024-01-14 09:06:00+0000
2024-01-15,86.0,426.0,0,2024-01-14 23:50:00+0000,2024-01-15 08:22:00+0000
2024-01-16,53.0,427.0,0,2024-01-16 00:08:00+0000,2024-01-16 08:08:00+0000
2024-01-17,63.0,481.0,1,2024-01-16 23:08:00+0000,2024-01-17 08:13:00+0000
2024-01-18,77.0,451.0,21,2024-01-17 22:50:00+0000,2024-01-18 07:59:00+0000
2024-01-19,102.0,469.0,3,2024-01-18 23:18:00+0000,2024-01-19 08:52:00+0000
2024-01-20,87.0,432.0,0,2024-01-19 23:41:00+0000,2024-01-20 08:20:00+0000
2024-01-21,120.0,567.0,1,2024-01-20 20:56:00+0000,2024-01-21 08:24:00+0000
2024-01-22,64.0,381.0,0,2024-01-22 00:20:00+0000,2024-01-22 07:45:00+0000
2024-01-23,113.0,338.0,0,2024-01-23 00:53:00+0000,2024-01-23 08:24:00+0000
2024-01-24,100.0,382.0,0,2024-01-23 23:54:00+0000,2024-01-24 07:56:00+0000
2024-01-25,89.0,423.0,0,2024-01-24 23:51:00+0000,2024-01-25 08:23:00+0000
2024-01-26,116.0,427.0,0,2024-01-25 22:59:00+0000,2024-01-26 08:02:00+0000
2024-01-27,82.0,470.0,2,2024-01-26 23:37:00+0000,2024-01-27 08:51:00+0000
2024-01-28,80.57142857142857,345.85714285714283,0,2024-01-26 23:00:00+0000,2024-01-26 23:00:00+0000
2024-01-29,85.0,430.0,0,2024-01-28 23:32:00+0000,2024-01-29 08:07:00+0000
2024-01-30,79.0,359.0,1,2024-01-30 01:11:00+0000,2024-01-30 08:30:00+0000
2024-01-31,92.0,318.0,0,2024-01-31 01:05:00+0000,2024-01-31 07:55:00+0000
2024-02-01,77.0,413.0,0,2024-02-01 00:31:00+0000,2024-02-01 08:41:00+0000
2024-02-02,82.0,450.0,8,2024-02-01 22:57:00+0000,2024-02-02 07:57:00+0000
2024-02-03,115.0,352.0,0,2024-02-03 01:11:00+0000,2024-02-03 08:58:00+0000
2024-02-04,67.0,396.0,0,2024-02-04 01:26:00+0000,2024-02-04 09:09:00+0000
2024-02-05,71.0,420.0,0,2024-02-04 23:07:00+0000,2024-02-05 07:18:00+0000
2024-02-06,70.0,356.0,7,2024-02-06 00:08:00+0000,2024-02-06 07:21:00+0000
2024-02-07,69.0,340.0,0,2024-02-07 01:07:00+0000,2024-02-07 07:56:00+0000
2024-02-08,115.0,409.0,2,2024-02-07 23:56:00+0000,2024-02-08 08:42:00+0000
2024-02-09,117.0,374.0,0,2024-02-09 00:27:00+0000,2024-02-09 08:38:00+0000
2024-02-10,92.0,430.0,8,2024-02-10 00:02:00+0000,2024-02-10 08:52:00+0000
2024-02-11,104.0,344.0,7,2024-02-11 01:59:00+0000,2024-02-11 09:34:00+0000
2024-02-12,94.0,362.0,0,2024-02-12 00:38:00+0000,2024-02-12 08:14:00+0000
2024-02-13,58.0,438.0,0,2024-02-12 23:16:00+0000,2024-02-13 07:32:00+0000
2024-02-14,113.0,362.0,1,2024-02-14 00:00:00+0000,2024-02-14 07:56:00+0000
2024-02-15,84.0,450.0,0,2024-02-14 23:18:00+0000,2024-02-15 08:12:00+0000
2024-02-16,63.0,391.0,1,2024-02-16 01:36:00+0000,2024-02-16 09:11:00+0000
2024-02-17,81.0,383.0,0,2024-02-17 01:29:00+0000,2024-02-17 09:13:00+0000
2024-02-18,64.0,413.0,0,2024-02-18 00:59:00+0000,2024-02-18 08:56:00+0000
2024-02-19,87.0,393.0,0,2024-02-18 23:48:00+0000,2024-02-19 07:48:00+0000
2024-02-20,75.0,244.0,0,2024-02-20 03:31:00+0000,2024-02-20 08:50:00+0000
2024-02-21,96.0,385.0,0,2024-02-21 00:11:00+0000,2024-02-21 08:12:00+0000
2024-02-22,77.0,395.0,0,2024-02-22 00:49:00+0000,2024-02-22 08:41:00+0000
2024-02-23,89.0,495.0,0,2024-02-22 23:06:00+0000,2024-02-23 08:50:00+0000
2024-02-24,88.0,326.0,74,2024-02-23 23:59:00+0000,2024-02-24 08:07:00+0000
2024-02-25,96.0,439.0,0,2024-02-24 23:40:00+0000,2024-02-25 08:35:00+0000
2024-02-26,89.0,347.0,16,2024-02-25 23:06:00+0000,2024-02-26 06:38:00+0000
2024-02-27,70.0,422.0,0,2024-02-27 00:08:00+0000,2024-02-27 08:20:00+0000
2024-02-28,118.0,358.0,0,2024-02-27 23:59:00+0000,2024-02-28 07:55:00+0000
2024-02-29,139.0,406.0,0,2024-02-28 23:08:00+0000,2024-02-29 08:13:00+0000
2024-03-01,104.0,431.0,0,2024-02-29 23:38:00+0000,2024-03-01 08:33:00+0000
2024-03-02,64.0,413.0,1,2024-03-02 00:03:00+0000,2024-03-02 08:01:00+0000
2024-03-03,89.0,465.0,0,2024-03-02 23:30:00+0000,2024-03-03 08:44:00+0000
2024-03-04,66.0,354.0,0,2024-03-04 00:22:00+0000,2024-03-04 07:22:00+0000
2024-03-05,95.0,372.0,0,2024-03-04 23:38:00+0000,2024-03-05 07:25:00+0000
2024-03-06,99.0,331.0,0,2024-03-05 23:53:00+0000,2024-03-06 07:03:00+0000
2024-03-07,90.0,381.0,0,2024-03-07 00:26:00+0000,2024-03-07 08:17:00+0000
2024-03-08,119.0,408.0,29,2024-03-07 23:54:00+0000,2024-03-08 09:10:00+0000
2024-03-09,113.0,351.0,0,2024-03-09 01:02:00+0000,2024-03-09 08:46:00+0000
2024-03-10,122.0,451.0,0,2024-03-09 23:59:00+0000,2024-03-10 09:32:00+0000
2024-03-11,113.0,354.0,0,2024-03-11 00:17:00+0000,2024-03-11 08:04:00+0000
2024-03-12,84.0,443.0,0,2024-03-11 23:40:00+0000,2024-03-12 08:27:00+0000
2024-03-13,79.0,406.0,0,2024-03-13 00:45:00+0000,2024-03-13 08:50:00+0000
2024-03-14,64.0,331.0,0,2024-03-14 00:39:00+0000,2024-03-14 07:14:00+0000
2024-03-15,74.0,388.0,0,2024-03-15 00:59:00+0000,2024-03-15 08:41:00+0000
2024-03-16,77.0,361.0,0,2024-03-16 01:09:00+0000,2024-03-16 08:27:00+0000
2024-03-17,98.0,592.0,0,2024-03-16 22:54:00+0000,2024-03-17 10:24:00+0000
2024-03-18,61.0,275.0,0,2024-03-18 02:41:00+0000,2024-03-18 08:17:00+0000
2024-03-19,152.0,459.0,0,2024-03-18 22:44:00+0000,2024-03-19 08:55:00+0000
2024-03-20,72.0,370.0,0,2024-03-20 00:35:00+0000,2024-03-20 07:57:00+0000
2024-03-21,62.0,329.0,0,2024-03-21 00:53:00+0000,2024-03-21 07:24:00+0000
2024-03-22,84.0,386.0,0,2024-03-22 01:18:00+0000,2024-03-22 09:08:00+0000
2024-03-23,101.0,304.0,0,2024-03-23 01:51:00+0000,2024-03-23 08:36:00+0000
2024-03-24,105.0,379.0,0,2024-03-24 01:05:00+0000,2024-03-24 09:09:00+0000
2024-03-25,53.0,402.0,0,2024-03-25 01:20:00+0000,2024-03-25 08:55:00+0000
2024-03-26,70.0,336.0,0,2024-03-26 01:44:00+0000,2024-03-26 08:30:00+0000
2024-03-27,119.0,368.0,0,2024-03-27 00:39:00+0000,2024-03-27 08:46:00+0000
2024-03-28,77.0,430.0,0,2024-03-28 00:45:00+0000,2024-03-28 09:12:00+0000
2024-03-29,81.0,532.0,0,2024-03-28 23:00:00+0000,2024-03-29 09:13:00+0000
2024-03-30,111.0,431.0,1,2024-03-29 23:06:00+0000,2024-03-30 08:09:00+0000
2024-03-31,67.0,302.0,0,2024-03-31 02:40:00+0000,2024-03-31 08:49:00+0000
2024-04-01,86.0,433.0,0,2024-03-31 23:32:00+0000,2024-04-01 08:11:00+0000
2024-04-02,101.0,413.0,0,2024-04-01 22:41:00+0000,2024-04-02 07:15:00+0000
2024-04-03,107.0,432.0,1,2024-04-02 23:02:00+0000,2024-04-03 08:02:00+0000
2024-04-04,59.0,407.0,0,2024-04-03 23:32:00+0000,2024-04-04 07:18:00+0000
2024-04-05,113.0,385.0,0,2024-04-04 22:57:00+0000,2024-04-05 07:15:00+0000
2024-04-06,73.0,325.0,0,2024-04-06 01:06:00+0000,2024-04-06 07:44:00+0000
2024-04-07,109.0,436.0,0,2024-04-06 22:45:00+0000,2024-04-07 07:50:00+0000
2024-04-08,84.0,398.0,0,2024-04-07 22:29:00+0000,2024-04-08 06:31:00+0000
2024-04-09,78.0,382.0,1,2024-04-08 22:52:00+0000,2024-04-09 06:33:00+0000
2024-04-10,58.0,377.0,0,2024-04-09 23:22:00+0000,2024-04-10 06:37:00+0000
2024-04-11,91.0,399.0,1,2024-04-10 22:55:00+0000,2024-04-11 07:06:00+0000
2024-04-12,108.0,306.0,0,2024-04-11 22:56:00+0000,2024-04-12 05:50:00+0000
2024-04-13,55.0,267.0,0,2024-04-13 01:50:00+0000,2024-04-13 07:12:00+0000
2024-04-14,98.0,571.0,11,2024-04-13 21:16:00+0000,2024-04-14 08:36:00+0000
2024-04-15,100.0,443.0,0,2024-04-14 21:45:00+0000,2024-04-15 06:48:00+0000
2024-04-16,100.0,381.0,0,2024-04-15 22:35:00+0000,2024-04-16 06:36:00+0000
2024-04-17,62.0,325.0,26,2024-04-16 22:51:00+0000,2024-04-17 05:44:00+0000
2024-04-18,99.0,376.0,0,2024-04-17 23:00:00+0000,2024-04-18 06:55:00+0000
2024-04-19,139.0,398.0,27,2024-04-18 22:21:00+0000,2024-04-19 07:45:00+0000
2024-04-20,105.0,376.0,0,2024-04-19 23:57:00+0000,2024-04-20 07:58:00+0000
2024-04-21,105.0,528.0,3,2024-04-20 21:55:00+0000,2024-04-21 08:31:00+0000
2024-04-22,82.0,430.0,0,2024-04-21 22:03:00+0000,2024-04-22 06:35:00+0000
2024-04-23,49.0,375.0,0,2024-04-22 23:34:00+0000,2024-04-23 06:38:00+0000
2024-04-24,49.0,421.0,0,2024-04-23 22:44:00+0000,2024-04-24 06:34:00+0000
2024-04-25,85.0,330.0,0,2024-04-24 23:24:00+0000,2024-04-25 06:19:00+0000
2024-04-26,70.0,380.0,0,2024-04-25 22:38:00+0000,2024-04-26 06:08:00+0000
2024-04-27,60.0,303.0,0,2024-04-27 00:46:00+0000,2024-04-27 06:49:00+0000
2024-04-28,98.0,415.0,0,2024-04-27 22:14:00+0000,2024-04-28 06:47:00+0000
2024-04-29,74.0,468.0,1,2024-04-28 22:12:00+0000,2024-04-29 07:15:00+0000
2024-04-30,87.0,423.0,0,2024-04-29 22:06:00+0000,2024-04-30 06:36:00+0000
2024-05-01,87.0,537.0,4,2024-04-30 22:04:00+0000,2024-05-01 08:32:00+0000
2024-05-02,77.0,467.0,0,2024-05-01 22:06:00+0000,2024-05-02 07:10:00+0000
2024-05-03,47.0,369.0,0,2024-05-02 22:41:00+0000,2024-05-03 05:37:00+0000
2024-05-04,65.0,512.0,2,2024-05-03 22:32:00+0000,2024-05-04 08:11:00+0000
2024-05-05,96.0,524.0,14,2024-05-04 22:00:00+0000,2024-05-05 08:34:00+0000
2024-05-06,74.0,381.0,0,2024-05-05 22:56:00+0000,2024-05-06 06:31:00+0000
2024-05-07,64.0,383.0,42,2024-05-06 21:58:00+0000,2024-05-07 06:07:00+0000
2024-05-08,94.0,283.0,0,2024-05-08 00:14:00+0000,2024-05-08 06:31:00+0000
2024-05-09,50.0,417.0,21,2024-05-08 22:01:00+0000,2024-05-09 06:09:00+0000
